{"cameraMode":{"drawMode":0,"name":"Shaded","section":"Shading Mode"},"sceneLighting":false,"audioPlay":false,"sceneViewState":{"m_AlwaysRefresh":false,"showFog":false,"showSkybox":false,"showFlares":false,"showImageEffects":false,"showParticleSystems":false,"showVisualEffectGraphs":true,"m_FxEnabled":true},"in2DMode":false,"pivot":{"x":-0.4105529189109802,"y":1.4234179258346558,"z":-0.004362583160400391},"rotation":{"x":0.0748593881726265,"y":-0.043362367898225787,"z":0.0032783772330731155,"w":0.9962698221206665},"size":1.7473533153533936,"orthographic":false}